image,score1,score2
0/0_0.jpg,0.0,0.973630428314209
0/0_1.jpg,0.0,0.9728858470916748
0/0_2.jpg,0.0,0.9693554043769836
0/0_3.jpg,0.0,0.9700087308883667
0/0_4.jpg,0.0,0.970066249370575
1/1_0.jpg,0.0,0.9708181619644165
1/1_1.jpg,0.0,0.9762710928916931
1/1_2.jpg,0.0,0.9718371629714966
1/1_3.jpg,0.0,0.9714242815971375
1/1_4.jpg,0.0,0.9644035696983337
10/10_0.jpg,0.0,0.9743994474411011
10/10_1.jpg,0.0,0.9820084571838379
10/10_2.jpg,0.0,0.9769713282585144
10/10_3.jpg,0.0,0.9806798696517944
10/10_4.jpg,0.0,0.9757055640220642
100/100_0.jpg,0.0,0.9802536368370056
100/100_1.jpg,0.0,0.9808220267295837
100/100_2.jpg,0.0,0.9808890223503113
100/100_3.jpg,0.0,0.9785947203636169
100/100_4.jpg,0.0,0.9779079556465149
101/101_0.jpg,0.0,0.9758453369140625
101/101_1.jpg,0.0,0.9777289032936096
101/101_2.jpg,0.0,0.9775139689445496
101/101_3.jpg,0.0,0.9722298383712769
101/101_4.jpg,0.0,0.980056643486023
102/102_0.jpg,0.0,0.9832624197006226
102/102_1.jpg,0.0,0.9818732142448425
102/102_2.jpg,0.0,0.9831662774085999
102/102_3.jpg,0.0,0.9832666516304016
102/102_4.jpg,0.0,0.9845351576805115
103/103_0.jpg,0.0,0.9789665937423706
103/103_1.jpg,0.0,0.9794338345527649
103/103_2.jpg,0.0,0.9781744480133057
103/103_3.jpg,0.0,0.9806748032569885
103/103_4.jpg,0.0,0.9756885766983032
104/104_0.jpg,0.0,0.9922326803207397
104/104_1.jpg,0.0,0.9776371717453003
104/104_2.jpg,0.0,0.9815101623535156
104/104_3.jpg,0.0,0.9846808314323425
104/104_4.jpg,0.0,0.9849828481674194
105/105_0.jpg,0.0,0.9736445546150208
105/105_1.jpg,0.0,0.9829596281051636
105/105_2.jpg,0.0,0.9794619679450989
105/105_3.jpg,0.0,0.977840006351471
105/105_4.jpg,0.0,0.9788015484809875
106/106_0.jpg,0.0,0.9896650314331055
106/106_1.jpg,0.0,0.9808307886123657
106/106_2.jpg,0.0,0.9776195883750916
106/106_3.jpg,0.0,0.9828893542289734
106/106_4.jpg,0.0,0.9829640984535217
107/107_0.jpg,0.0,0.9852954149246216
107/107_1.jpg,0.0,0.9813733696937561
107/107_2.jpg,0.0,0.9782413244247437
107/107_3.jpg,0.0,0.9728626012802124
107/107_4.jpg,0.0,0.9783747792243958
108/108_0.jpg,0.0,0.9708555340766907
108/108_1.jpg,0.0,0.9702540040016174
108/108_2.jpg,0.0,0.9735235571861267
108/108_3.jpg,0.0,0.9748433232307434
108/108_4.jpg,0.0,0.9768663048744202
109/109_0.jpg,0.0,0.9752037525177002
109/109_1.jpg,0.0,0.9784591197967529
109/109_2.jpg,0.0,0.9769600629806519
109/109_3.jpg,0.0,0.9788302183151245
109/109_4.jpg,0.0,0.9739351868629456
11/11_0.jpg,0.0,0.9867585897445679
11/11_1.jpg,0.0,0.9845962524414062
11/11_2.jpg,0.0,0.9865773916244507
11/11_3.jpg,0.0,0.983422040939331
11/11_4.jpg,0.0,0.9866676330566406
110/110_0.jpg,0.0,0.9881948828697205
110/110_1.jpg,0.0,0.9848821759223938
110/110_2.jpg,0.0,0.9855197668075562
110/110_3.jpg,0.0,0.9898706674575806
110/110_4.jpg,0.0,0.98856520652771
111/111_0.jpg,0.0,0.9842436909675598
111/111_1.jpg,0.0,0.9868888854980469
111/111_2.jpg,0.0,0.9817453622817993
111/111_3.jpg,0.0,0.9868548512458801
111/111_4.jpg,0.0,0.9845330715179443
112/112_0.jpg,0.0,0.9819390773773193
112/112_1.jpg,0.0,0.9838958382606506
112/112_2.jpg,0.0,0.9778957962989807
112/112_3.jpg,0.0,0.983440637588501
112/112_4.jpg,0.0,0.9818625450134277
113/113_0.jpg,0.0,0.9810979962348938
113/113_1.jpg,0.0,0.9809503555297852
113/113_2.jpg,0.0,0.9779895544052124
113/113_3.jpg,0.0,0.9805746674537659
113/113_4.jpg,0.0,0.9777878522872925
114/114_0.jpg,0.0,0.9822918772697449
114/114_1.jpg,0.0,0.9775798916816711
114/114_2.jpg,0.0,0.9817715883255005
114/114_3.jpg,0.0,0.973293125629425
114/114_4.jpg,0.0,0.9902094602584839
115/115_0.jpg,0.0,0.985334575176239
115/115_1.jpg,0.0,0.9865779876708984
115/115_2.jpg,0.0,0.9834684133529663
115/115_3.jpg,0.0,0.9862807989120483
115/115_4.jpg,0.0,0.9851279258728027
116/116_0.jpg,0.0,0.9781283140182495
116/116_1.jpg,0.0,0.9775624871253967
116/116_2.jpg,0.0,0.980059802532196
116/116_3.jpg,0.0,0.9782505035400391
116/116_4.jpg,0.0,0.9806092381477356
117/117_0.jpg,0.0,0.9863007068634033
117/117_1.jpg,0.0,0.9845067262649536
117/117_2.jpg,0.0,0.9937520623207092
117/117_3.jpg,0.0,0.9832700490951538
117/117_4.jpg,0.0,0.9852550625801086
118/118_0.jpg,0.0,0.977238118648529
118/118_1.jpg,0.0,0.9824378490447998
118/118_2.jpg,0.0,0.9828515648841858
118/118_3.jpg,0.0,0.980804443359375
118/118_4.jpg,0.0,0.981026828289032
119/119_0.jpg,0.0,0.9803071618080139
119/119_1.jpg,0.0,0.9822531342506409
119/119_2.jpg,0.0,0.9847492575645447
119/119_3.jpg,0.0,0.9823923110961914
119/119_4.jpg,0.0,0.9832277894020081
12/12_0.jpg,0.0,0.9822345972061157
12/12_1.jpg,0.0,0.9845438003540039
12/12_2.jpg,0.0,0.982742965221405
12/12_3.jpg,0.0,0.9858238101005554
12/12_4.jpg,0.0,0.9820642471313477
120/120_0.jpg,0.0,0.980570375919342
120/120_1.jpg,0.0,0.982755184173584
120/120_2.jpg,0.0,0.9820278882980347
120/120_3.jpg,0.0,0.9796035289764404
120/120_4.jpg,0.0,0.9806503057479858
121/121_0.jpg,0.0,0.9768301844596863
121/121_1.jpg,0.0,0.9750616550445557
121/121_2.jpg,0.0,0.9729474782943726
121/121_3.jpg,0.0,0.9733017683029175
121/121_4.jpg,0.0,0.9760397672653198
122/122_0.jpg,0.0,0.9791576266288757
122/122_1.jpg,0.0,0.977169930934906
122/122_2.jpg,0.0,0.980530858039856
122/122_3.jpg,0.0,0.9817619323730469
122/122_4.jpg,0.0,0.9803645014762878
123/123_0.jpg,0.0,0.985053300857544
123/123_1.jpg,0.0,0.9849692583084106
123/123_2.jpg,0.0,0.9838442206382751
123/123_3.jpg,0.0,0.9834959506988525
123/123_4.jpg,0.0,0.9850307703018188
124/124_0.jpg,0.0,0.9764456748962402
124/124_1.jpg,0.0,0.9755246639251709
124/124_2.jpg,0.0,0.9778037071228027
124/124_3.jpg,0.0,0.9785548448562622
124/124_4.jpg,0.0,0.9752894043922424
125/125_0.jpg,0.0,0.9719135761260986
125/125_1.jpg,0.0,0.9737647175788879
125/125_2.jpg,0.0,0.9685121774673462
125/125_3.jpg,0.0,0.975213885307312
125/125_4.jpg,0.0,0.974634051322937
126/126_0.jpg,0.0,0.982932984828949
126/126_1.jpg,0.0,0.9829024076461792
126/126_2.jpg,0.0,0.9838133454322815
126/126_3.jpg,0.0,0.9823520183563232
126/126_4.jpg,0.0,0.981463611125946
127/127_0.jpg,0.0,0.9854121208190918
127/127_1.jpg,0.0,0.9863371253013611
127/127_2.jpg,0.0,0.9820091724395752
127/127_3.jpg,0.0,0.9800028204917908
127/127_4.jpg,0.0,0.9811874032020569
128/128_0.jpg,0.0,0.9793102741241455
128/128_1.jpg,0.0,0.9774213433265686
128/128_2.jpg,0.0,0.9846581816673279
128/128_3.jpg,0.0,0.9804742932319641
128/128_4.jpg,0.0,0.9903988838195801
129/129_0.jpg,0.0,0.9796625375747681
129/129_1.jpg,0.0,0.9784558415412903
129/129_2.jpg,0.0,0.9773340821266174
129/129_3.jpg,0.0,0.9750320911407471
129/129_4.jpg,0.0,0.9767410755157471
13/13_0.jpg,0.0,0.9836727380752563
13/13_1.jpg,0.0,0.9855891466140747
13/13_2.jpg,0.0,0.983841061592102
13/13_3.jpg,0.0,0.9829680919647217
13/13_4.jpg,0.0,0.9862193465232849
130/130_0.jpg,0.0,0.9753075838088989
130/130_1.jpg,0.0,0.969575047492981
130/130_2.jpg,0.0,0.9798440337181091
130/130_3.jpg,0.0,0.9719966053962708
130/130_4.jpg,0.0,0.9656287431716919
131/131_0.jpg,0.0,0.9809213876724243
131/131_1.jpg,0.0,0.9856410622596741
131/131_2.jpg,0.0,0.9765337705612183
131/131_3.jpg,0.0,0.9811403155326843
131/131_4.jpg,0.0,0.985241711139679
132/132_0.jpg,0.0,0.9819157123565674
132/132_1.jpg,0.0,0.9821774959564209
132/132_2.jpg,0.0,0.9842464923858643
132/132_3.jpg,0.0,0.9826971292495728
132/132_4.jpg,0.0,0.9903374910354614
133/133_0.jpg,0.0,0.9836456179618835
133/133_1.jpg,0.0,0.9867922067642212
133/133_2.jpg,0.0,0.9841058850288391
133/133_3.jpg,0.0,0.9818742871284485
133/133_4.jpg,0.0,0.9795225858688354
134/134_0.jpg,0.0,0.9762700796127319
134/134_1.jpg,0.0,0.9564158916473389
134/134_2.jpg,0.0,0.9755833148956299
134/134_3.jpg,0.0,0.9648204445838928
134/134_4.jpg,0.0,0.9742857813835144
135/135_0.jpg,0.0,0.9855465292930603
135/135_1.jpg,0.0,0.9853713512420654
135/135_2.jpg,0.0,0.9836395978927612
135/135_3.jpg,0.0,0.9832857847213745
135/135_4.jpg,0.0,0.9858018159866333
136/136_0.jpg,0.0,0.9806389808654785
136/136_1.jpg,0.0,0.9816555976867676
136/136_2.jpg,0.0,0.9823055267333984
136/136_3.jpg,0.0,0.9831074476242065
136/136_4.jpg,0.0,0.9836341738700867
137/137_0.jpg,0.0,0.9841115474700928
137/137_1.jpg,0.0,0.9852634072303772
137/137_2.jpg,0.0,0.9869717359542847
137/137_3.jpg,0.0,0.9866710901260376
137/137_4.jpg,0.0,0.9849104881286621
138/138_0.jpg,0.0,0.9814666509628296
138/138_1.jpg,0.0,0.9861319661140442
138/138_2.jpg,0.0,0.983372688293457
138/138_3.jpg,0.0,0.9849826693534851
138/138_4.jpg,0.0,0.9882915019989014
139/139_0.jpg,0.0,0.9808685779571533
139/139_1.jpg,0.0,0.9791278839111328
139/139_2.jpg,0.0,0.9775864481925964
139/139_3.jpg,0.0,0.9791817665100098
139/139_4.jpg,0.0,0.9798611998558044
14/14_0.jpg,0.0,0.9793354272842407
14/14_1.jpg,0.0,0.9770644307136536
14/14_2.jpg,0.0,0.9761881828308105
14/14_3.jpg,0.0,0.9830092191696167
14/14_4.jpg,0.0,0.9748671054840088
140/140_0.jpg,0.0,0.985273003578186
140/140_1.jpg,0.0,0.983954131603241
140/140_2.jpg,0.0,0.9818717837333679
140/140_3.jpg,0.0,0.9710745811462402
140/140_4.jpg,0.0,0.991181492805481
141/141_0.jpg,1.0,1.0
141/141_1.jpg,0.0,0.9747462272644043
141/141_2.jpg,0.0,0.9698191285133362
141/141_3.jpg,0.0,0.9748077988624573
141/141_4.jpg,0.0,0.9743016958236694
142/142_0.jpg,0.0,0.9747129678726196
142/142_1.jpg,0.0,0.9808504581451416
142/142_2.jpg,0.0,0.9834334850311279
142/142_3.jpg,0.0,0.9822588562965393
142/142_4.jpg,0.0,0.9760523438453674
143/143_0.jpg,0.0,0.9872121810913086
143/143_1.jpg,0.0,0.9906821250915527
143/143_2.jpg,0.0,0.9854458570480347
143/143_3.jpg,0.0,0.9888819456100464
143/143_4.jpg,0.0,0.9864292740821838
144/144_0.jpg,0.033333333333333326,0.9753921627998352
144/144_1.jpg,0.0,0.9682222604751587
144/144_2.jpg,0.0,0.9715651273727417
144/144_3.jpg,0.0,0.9749869108200073
144/144_4.jpg,0.0,0.97133868932724
145/145_0.jpg,0.0,0.9746063947677612
145/145_1.jpg,0.0,0.9929072260856628
145/145_2.jpg,0.0,0.9794710874557495
145/145_3.jpg,0.2666666666666667,0.9898185133934021
145/145_4.jpg,0.0,0.97339928150177
146/146_0.jpg,0.0,0.9845093488693237
146/146_1.jpg,0.0,0.9883042573928833
146/146_2.jpg,0.0,0.983099102973938
146/146_3.jpg,0.0,0.9841029644012451
146/146_4.jpg,0.0,0.9830488562583923
147/147_0.jpg,0.0,0.9774324297904968
147/147_1.jpg,0.0,0.9755492806434631
147/147_2.jpg,0.0,0.9782618880271912
147/147_3.jpg,0.0,0.9787543416023254
147/147_4.jpg,0.0,0.9788615107536316
148/148_0.jpg,0.0,0.9817026853561401
148/148_1.jpg,0.0,0.9787386059761047
148/148_2.jpg,0.0,0.9798499941825867
148/148_3.jpg,0.0,0.9768415689468384
148/148_4.jpg,0.0,0.9821321964263916
149/149_0.jpg,0.0,0.9815747141838074
149/149_1.jpg,0.0,0.9822438359260559
149/149_2.jpg,0.0,0.9841033220291138
149/149_3.jpg,0.0,0.9799758195877075
149/149_4.jpg,0.0,0.9818353056907654
15/15_0.jpg,0.0,0.9870482683181763
15/15_1.jpg,0.0,0.9866235852241516
15/15_2.jpg,0.0,0.9863566160202026
15/15_3.jpg,0.0,0.9862735867500305
15/15_4.jpg,0.0,0.9867660999298096
150/150_0.jpg,0.0,0.9797468781471252
150/150_1.jpg,0.0,0.9816378355026245
150/150_2.jpg,0.0,0.9855466485023499
150/150_3.jpg,0.0,0.9810881018638611
150/150_4.jpg,0.0,0.9790669083595276
151/151_0.jpg,0.0,0.982522189617157
151/151_1.jpg,0.0,0.9854461550712585
151/151_2.jpg,0.0,0.9839766621589661
151/151_3.jpg,0.0,0.9811419248580933
151/151_4.jpg,0.0,0.9846569895744324
152/152_0.jpg,0.0,0.977235734462738
152/152_1.jpg,0.0,0.9788196086883545
152/152_2.jpg,0.0,0.9774547219276428
152/152_3.jpg,0.0,0.9843634366989136
152/152_4.jpg,0.0,0.9832077026367188
153/153_0.jpg,0.0,0.9807673692703247
153/153_1.jpg,0.0,0.9820481538772583
153/153_2.jpg,0.0,0.9762945771217346
153/153_3.jpg,0.0,0.9737874865531921
153/153_4.jpg,0.0,0.9775549173355103
154/154_0.jpg,0.0,0.9879876375198364
154/154_1.jpg,0.0,0.9894659519195557
154/154_2.jpg,0.0,0.9870036244392395
154/154_3.jpg,0.0,0.9851229786872864
154/154_4.jpg,0.0,0.9892452955245972
155/155_0.jpg,0.0,0.9786385297775269
155/155_1.jpg,0.0,0.9793472290039062
155/155_2.jpg,0.0,0.976408064365387
155/155_3.jpg,0.0,0.9781585335731506
155/155_4.jpg,0.0,0.9817494750022888
156/156_0.jpg,0.0,0.9813001155853271
156/156_1.jpg,0.0,0.9778460264205933
156/156_2.jpg,0.0,0.9801661968231201
156/156_3.jpg,0.0,0.9752482771873474
156/156_4.jpg,0.0,0.9601618647575378
157/157_0.jpg,0.0,0.9831017255783081
157/157_1.jpg,0.0,0.9755125045776367
157/157_2.jpg,0.0,0.9795321822166443
157/157_3.jpg,0.0,0.978809118270874
157/157_4.jpg,0.0,0.9785641431808472
158/158_0.jpg,0.0,0.9745502471923828
158/158_1.jpg,0.0,0.9755469560623169
158/158_2.jpg,0.01666666666666672,0.9717908501625061
158/158_3.jpg,0.0,0.9814133644104004
158/158_4.jpg,0.0,0.9736328125
159/159_0.jpg,0.0,0.9794389605522156
159/159_1.jpg,0.0,0.9804350137710571
159/159_2.jpg,0.0,0.9850246906280518
159/159_3.jpg,0.0,0.979612410068512
159/159_4.jpg,0.0,0.9790406823158264
16/16_0.jpg,0.0,0.9756308794021606
16/16_1.jpg,0.0,0.9808298349380493
16/16_2.jpg,0.0,0.9792149662971497
16/16_3.jpg,0.0,0.9770744442939758
16/16_4.jpg,0.0,0.9818310141563416
160/160_0.jpg,0.0,0.9786766767501831
160/160_1.jpg,0.0,0.9763240814208984
160/160_2.jpg,0.0,0.9783009886741638
160/160_3.jpg,0.0,0.9832736253738403
160/160_4.jpg,0.0,0.9811054468154907
161/161_0.jpg,0.0,0.9801664352416992
161/161_1.jpg,0.0,0.9812909364700317
161/161_2.jpg,0.0,0.9809712171554565
161/161_3.jpg,0.0,0.9804115295410156
161/161_4.jpg,0.0,0.9838144779205322
162/162_0.jpg,0.0,0.9874165654182434
162/162_1.jpg,0.0,0.9860199689865112
162/162_2.jpg,0.0,0.9856000542640686
162/162_3.jpg,0.0,0.9865267276763916
162/162_4.jpg,0.0,0.9884684085845947
163/163_0.jpg,0.0,0.9838486909866333
163/163_1.jpg,0.0,0.9846498370170593
163/163_2.jpg,0.0,0.9770932793617249
163/163_3.jpg,0.0,0.9851044416427612
163/163_4.jpg,0.0,0.9927871227264404
164/164_0.jpg,0.0,0.9857144951820374
164/164_1.jpg,0.0,0.9816587567329407
164/164_2.jpg,0.0,0.9836714863777161
164/164_3.jpg,0.0,0.993094801902771
164/164_4.jpg,0.0,0.9827117919921875
165/165_0.jpg,0.0,0.9760178923606873
165/165_1.jpg,0.0,0.9768624901771545
165/165_2.jpg,0.0,0.9785895943641663
165/165_3.jpg,0.0,0.9809224009513855
165/165_4.jpg,0.0,0.9760167002677917
166/166_0.jpg,0.0,0.978871762752533
166/166_1.jpg,0.0,0.9912316203117371
166/166_2.jpg,1.0,1.0
166/166_3.jpg,0.0,0.9802355766296387
166/166_4.jpg,0.0,0.9817776679992676
167/167_0.jpg,0.0,0.9813957214355469
167/167_1.jpg,0.0,0.9801529049873352
167/167_2.jpg,0.0,0.9831549525260925
167/167_3.jpg,0.0,0.9759952425956726
167/167_4.jpg,0.0,0.9761497378349304
168/168_0.jpg,0.0,0.9855028986930847
168/168_1.jpg,0.0,0.9847725629806519
168/168_2.jpg,0.0,0.9865159392356873
168/168_3.jpg,0.0,0.9852312803268433
168/168_4.jpg,0.0,0.9828439950942993
169/169_0.jpg,0.0,0.9774605631828308
169/169_1.jpg,0.0,0.9772871732711792
169/169_2.jpg,0.0,0.9805159568786621
169/169_3.jpg,0.0,0.977988064289093
169/169_4.jpg,0.0,0.971098005771637
17/17_0.jpg,0.0,0.987027645111084
17/17_1.jpg,0.0,0.9863783717155457
17/17_2.jpg,0.0,0.9874141216278076
17/17_3.jpg,0.0,0.982815146446228
17/17_4.jpg,0.0,0.9855332374572754
170/170_0.jpg,0.0,0.9822294116020203
170/170_1.jpg,0.0,0.9810546040534973
170/170_2.jpg,0.01666666666666672,0.9819604754447937
170/170_3.jpg,0.0,0.9847392439842224
170/170_4.jpg,0.0,0.9810054302215576
171/171_0.jpg,0.0,0.9807192087173462
171/171_1.jpg,0.0,0.9786410927772522
171/171_2.jpg,0.0,0.9799977540969849
171/171_3.jpg,0.0,0.9805970191955566
171/171_4.jpg,0.0,0.9758879542350769
172/172_0.jpg,0.0,0.979594349861145
172/172_1.jpg,0.0,0.9808893799781799
172/172_2.jpg,0.0,0.9854625463485718
172/172_3.jpg,0.0,0.977518618106842
172/172_4.jpg,0.0,0.9805572628974915
173/173_0.jpg,0.0,0.9846025705337524
173/173_1.jpg,0.0,0.9803095459938049
173/173_2.jpg,0.0,0.9781361818313599
173/173_3.jpg,0.0,0.9830127954483032
173/173_4.jpg,0.0,0.983701765537262
174/174_0.jpg,0.0,0.9781303405761719
174/174_1.jpg,0.0,0.9784833788871765
174/174_2.jpg,0.0,0.979706346988678
174/174_3.jpg,0.0,0.9818741679191589
174/174_4.jpg,0.0,0.9793044328689575
175/175_0.jpg,0.0,0.9694004058837891
175/175_1.jpg,0.0,0.9725724458694458
175/175_2.jpg,0.0,0.9756936430931091
175/175_3.jpg,0.0,0.9777920842170715
175/175_4.jpg,0.0,0.9736531376838684
176/176_0.jpg,0.0,0.9755079746246338
176/176_1.jpg,0.0,0.9702587127685547
176/176_2.jpg,0.0,0.9718492031097412
176/176_3.jpg,0.0,0.9758840203285217
176/176_4.jpg,0.0,0.9760144948959351
177/177_0.jpg,0.0,0.9779402017593384
177/177_1.jpg,0.0,0.9772748351097107
177/177_2.jpg,0.0,0.9730203151702881
177/177_3.jpg,0.0,0.9743751883506775
177/177_4.jpg,0.0,0.9747313857078552
178/178_0.jpg,0.0,0.9677293300628662
178/178_1.jpg,0.0,0.9795793890953064
178/178_2.jpg,0.0,0.9787315130233765
178/178_3.jpg,0.0,0.975170910358429
178/178_4.jpg,0.0,0.9762978553771973
179/179_0.jpg,0.0,0.9755941033363342
179/179_1.jpg,0.0,0.9745789766311646
179/179_2.jpg,0.0,0.9767135977745056
179/179_3.jpg,0.0,0.976527750492096
179/179_4.jpg,0.0,0.9794295430183411
18/18_0.jpg,0.0,0.987120509147644
18/18_1.jpg,0.0,0.9820725917816162
18/18_2.jpg,0.0,0.9831322431564331
18/18_3.jpg,0.0,0.9833465814590454
18/18_4.jpg,0.0,0.9802237153053284
180/180_0.jpg,0.0,0.9838743805885315
180/180_1.jpg,0.0,0.987576961517334
180/180_2.jpg,0.0,0.9829534292221069
180/180_3.jpg,0.0,0.981438934803009
180/180_4.jpg,0.0,0.9855804443359375
181/181_0.jpg,0.0,0.9802644848823547
181/181_1.jpg,0.0,0.9860114455223083
181/181_2.jpg,0.0,0.9802910089492798
181/181_3.jpg,0.0,0.9842171669006348
181/181_4.jpg,0.0,0.9884647130966187
182/182_0.jpg,0.0,0.983664333820343
182/182_1.jpg,0.0,0.9802360534667969
182/182_2.jpg,0.0,0.9751247763633728
182/182_3.jpg,0.0,0.9833176136016846
182/182_4.jpg,0.0,0.984076738357544
183/183_0.jpg,0.0,0.9865255355834961
183/183_1.jpg,0.0,0.9862065315246582
183/183_2.jpg,0.0,0.984512448310852
183/183_3.jpg,0.0,0.9883273243904114
183/183_4.jpg,0.0,0.9880132079124451
184/184_0.jpg,0.0,0.9811151027679443
184/184_1.jpg,0.0,0.9793615341186523
184/184_2.jpg,0.0,0.9820294380187988
184/184_3.jpg,0.0,0.9818695783615112
184/184_4.jpg,0.0,0.9812069535255432
185/185_0.jpg,0.0,0.9765693545341492
185/185_1.jpg,0.0,0.992717444896698
185/185_2.jpg,0.0,0.9801384806632996
185/185_3.jpg,0.0,0.9782673716545105
185/185_4.jpg,0.0,0.9779990315437317
186/186_0.jpg,0.0,0.9838149547576904
186/186_1.jpg,0.0,0.9832530617713928
186/186_2.jpg,0.0,0.9825124144554138
186/186_3.jpg,0.0,0.9846295118331909
186/186_4.jpg,0.0,0.9822419881820679
187/187_0.jpg,0.0,0.968271017074585
187/187_1.jpg,0.0,0.9765039682388306
187/187_2.jpg,0.0,0.9750722050666809
187/187_3.jpg,0.0,0.9803603291511536
187/187_4.jpg,0.0,0.9784437417984009
188/188_0.jpg,0.0,0.986186146736145
188/188_1.jpg,0.0,0.9857878684997559
188/188_2.jpg,0.0,0.9880741834640503
188/188_3.jpg,0.0,0.981046199798584
188/188_4.jpg,0.0,0.9845961332321167
189/189_0.jpg,0.0,0.9743686318397522
189/189_1.jpg,0.0,0.9782100319862366
189/189_2.jpg,0.0,0.9842028617858887
189/189_3.jpg,0.0,0.9757171273231506
189/189_4.jpg,0.0,0.979498028755188
19/19_0.jpg,0.0,0.9753769636154175
19/19_1.jpg,0.0,0.9768781065940857
19/19_2.jpg,0.0,0.9756419658660889
19/19_3.jpg,0.0,0.9640752673149109
19/19_4.jpg,0.0,0.9758784770965576
190/190_0.jpg,0.0,0.9789872169494629
190/190_1.jpg,0.0,0.9792448878288269
190/190_2.jpg,0.0,0.9821610450744629
190/190_3.jpg,0.0,0.9792263507843018
190/190_4.jpg,0.0,0.9811831712722778
191/191_0.jpg,0.01666666666666672,0.9662876129150391
191/191_1.jpg,0.0,0.9809778928756714
191/191_2.jpg,0.0,0.9829407334327698
191/191_3.jpg,0.0,0.9757726192474365
191/191_4.jpg,0.0,0.9733092188835144
192/192_0.jpg,0.0,0.9679825901985168
192/192_1.jpg,0.0,0.9856285452842712
192/192_2.jpg,0.0,0.9812607169151306
192/192_3.jpg,0.0,0.9814628958702087
192/192_4.jpg,0.0,0.9821463227272034
193/193_0.jpg,0.0,0.976747453212738
193/193_1.jpg,0.0,0.9809096455574036
193/193_2.jpg,0.0,0.9914891719818115
193/193_3.jpg,0.0,0.9730539321899414
193/193_4.jpg,0.0,0.9775058627128601
194/194_0.jpg,0.0,0.9864296317100525
194/194_1.jpg,0.0,0.98710697889328
194/194_2.jpg,0.0,0.982874870300293
194/194_3.jpg,0.0,0.9765411615371704
194/194_4.jpg,0.0,0.9952783584594727
195/195_0.jpg,0.0,0.9814846515655518
195/195_1.jpg,0.0,0.9851411581039429
195/195_2.jpg,0.0,0.9846530556678772
195/195_3.jpg,0.0,0.9841301441192627
195/195_4.jpg,0.0,0.985711932182312
196/196_0.jpg,0.0,0.9821087121963501
196/196_1.jpg,0.0,0.9763733744621277
196/196_2.jpg,0.0,0.9815885424613953
196/196_3.jpg,0.0,0.9810568690299988
196/196_4.jpg,0.0,0.9848147034645081
197/197_0.jpg,0.0,0.9808129072189331
197/197_1.jpg,0.01666666666666672,0.9769849181175232
197/197_2.jpg,0.050000000000000044,0.9775489568710327
197/197_3.jpg,0.0,0.9795823693275452
197/197_4.jpg,0.0,0.9765669703483582
198/198_0.jpg,0.0,0.9872468113899231
198/198_1.jpg,0.0,0.986532986164093
198/198_2.jpg,0.0,0.9845935702323914
198/198_3.jpg,0.0,0.9870182275772095
198/198_4.jpg,0.0,0.985022246837616
199/199_0.jpg,0.0,0.9820840954780579
199/199_1.jpg,0.0,0.9852057099342346
199/199_2.jpg,0.0,0.9828478693962097
199/199_3.jpg,0.0,0.9830722212791443
199/199_4.jpg,0.0,0.9860533475875854
2/2_0.jpg,0.0,0.9750329852104187
2/2_1.jpg,0.0,0.9818294644355774
2/2_2.jpg,0.0,0.9818035960197449
2/2_3.jpg,0.0,0.9779027700424194
2/2_4.jpg,0.0,0.9846802949905396
20/20_0.jpg,0.0,0.9849972724914551
20/20_1.jpg,0.0,0.9855827689170837
20/20_2.jpg,0.0,0.9876487851142883
20/20_3.jpg,0.0,0.9864787459373474
20/20_4.jpg,0.0,0.9843180179595947
200/200_0.jpg,0.0,0.9672825932502747
200/200_1.jpg,0.0,0.9731016159057617
200/200_2.jpg,0.0,0.9799889922142029
200/200_3.jpg,0.0,0.8928746581077576
200/200_4.jpg,0.0,0.8799267411231995
201/201_0.jpg,0.0,0.9772685766220093
201/201_1.jpg,0.0,0.9551299810409546
201/201_2.jpg,0.0,0.9355809092521667
201/201_3.jpg,0.0,0.9910735487937927
202/202_0.jpg,0.0,0.9645784497261047
202/202_1.jpg,0.0,0.9105678796768188
202/202_2.jpg,0.0,0.9646500945091248
203/203_0.jpg,0.0,0.8950599431991577
203/203_1.jpg,0.0,0.9727177023887634
203/203_2.jpg,0.0,0.9394782781600952
204/204_0.jpg,0.0,0.9740279912948608
204/204_1.jpg,0.0,0.9754143953323364
204/204_2.jpg,0.0,0.9699851274490356
205/205_0.jpg,0.0,0.959930419921875
205/205_1.jpg,0.0,0.9631614089012146
205/205_2.jpg,0.0,0.9823829531669617
205/205_3.jpg,0.0,0.9426020383834839
205/205_4.jpg,0.0,0.9724215269088745
206/206_0.jpg,0.0,0.9153981804847717
206/206_1.jpg,0.0,0.9827483296394348
206/206_2.jpg,0.0,0.9313758015632629
206/206_3.jpg,0.0,0.9754154086112976
206/206_4.jpg,0.0,0.9933477640151978
207/207_0.jpg,0.0,0.8882516026496887
207/207_1.jpg,0.0,0.9715152382850647
207/207_2.jpg,0.0,0.9304531216621399
207/207_3.jpg,0.0,0.9464408159255981
207/207_4.jpg,0.0,0.9768954515457153
208/208_0.jpg,0.0,0.935319721698761
208/208_1.jpg,0.0,0.9133895635604858
208/208_2.jpg,0.0,0.9792566895484924
208/208_3.jpg,0.0,0.9752150177955627
208/208_4.jpg,0.0,0.9926462173461914
209/209_0.jpg,0.0,0.955576479434967
209/209_1.jpg,0.0,0.9762850403785706
209/209_2.jpg,0.0,0.9752806425094604
209/209_3.jpg,0.0,0.90290367603302
209/209_4.jpg,0.0,0.9783537983894348
21/21_0.jpg,0.0,0.9852493405342102
21/21_1.jpg,0.0,0.9795916676521301
21/21_2.jpg,0.0,0.9809496402740479
21/21_3.jpg,0.0,0.9804661870002747
21/21_4.jpg,0.0,0.9840006828308105
210/210_0.jpg,0.0,0.9839075803756714
210/210_1.jpg,0.0,0.9276764392852783
210/210_2.jpg,0.0,0.9776961803436279
211/211_0.jpg,0.0,0.9788846969604492
211/211_1.jpg,0.0,0.9803721308708191
211/211_2.jpg,0.0,0.9679996371269226
211/211_3.jpg,0.0,0.989875078201294
211/211_4.jpg,0.0,0.9730910062789917
212/212_0.jpg,0.0,0.9728636145591736
212/212_1.jpg,0.0,0.9436143040657043
212/212_2.jpg,0.0,0.8387253880500793
213/213_0.jpg,0.0,0.9478275775909424
213/213_1.jpg,0.0,0.9351111650466919
213/213_2.jpg,0.0,0.9804670810699463
213/213_3.jpg,0.0,0.9831066131591797
214/214_0.jpg,0.0,0.9672620892524719
214/214_1.jpg,0.0,0.8906542658805847
214/214_2.jpg,0.0,0.9738327264785767
214/214_3.jpg,0.0,0.9729889035224915
214/214_4.jpg,0.0,0.9759035110473633
215/215_0.jpg,0.0,0.9229822754859924
215/215_1.jpg,0.0,0.9141512513160706
215/215_2.jpg,0.0,0.9759472608566284
215/215_3.jpg,0.0,0.9366099238395691
215/215_4.jpg,0.0,0.9883126020431519
216/216_0.jpg,0.0,0.9734079241752625
216/216_1.jpg,0.0,0.9302860498428345
216/216_2.jpg,0.0,0.9034346342086792
216/216_3.jpg,0.0,0.947120189666748
216/216_4.jpg,0.0,0.9730213284492493
217/217_0.jpg,0.0,0.9355356693267822
217/217_1.jpg,0.0,0.9768402576446533
217/217_2.jpg,0.0,0.989428699016571
217/217_3.jpg,0.0,0.970215380191803
